,Annual Return (Net),Annual Return (Gross),Annual Volatility,Sharpe Ratio (Net),Sharpe Ratio (Gross),Sortino Ratio,Calmar Ratio,Max Drawdown,Avg Weekly Turnover,Total TC Cost,TC Impact on Sharpe,Win Rate
MLP,-0.027044677389427063,0.0038148104598707544,0.30850404033407347,0.06440291940007782,0.16557905897895667,0.09446296244458857,-0.03272759359385179,-0.8263570406382607,0.6007295809657418,0.31177865252122,0.10117613957887885,0.51252408477842
LSTM,-0.016842883373612505,-0.009390115278336442,0.060946645551962914,-0.24821797638301976,-0.12446669242062415,-0.3510876283648784,-0.06870336197472364,-0.24515369975357387,0.14513879626284393,0.075327035260416,0.12375128396239561,0.5028901734104047
CNN-LSTM,0.1536127471157953,0.1738124597172961,0.16109239506142836,0.9686885137462435,1.0772022386615936,1.4360543170665923,0.7308069014090062,-0.21019608164568196,0.33446694843152325,0.17358834623596056,0.10851372491535005,0.5606936416184971
SPY,0.14470388852188631,,0.17184187746299745,0.8740171133884672,,,,-0.3182897856392195,,,,
