CNN-LSTM Sharpe,CNN-LSTM CI Lower,CNN-LSTM CI Upper,SPY Sharpe,SPY CI Lower,SPY CI Upper,Difference,Difference CI Lower,Difference CI Upper,P-value,Statistically Significant
0.9696230904361174,0.34236338429718854,1.60789272342928,0.8748603524783626,0.24165664313010315,1.551708809820509,0.0947627379577548,-0.8285472677403315,1.010277789236597,0.4176,No
